{
  "train_history": {
    "loss": [
      1.6629649656812857,
      1.4736820691076995,
      1.3752310108345793,
      1.3078312664995413,
      1.230173768518526,
      1.1713876467379158,
      1.1101506245715538,
      1.0568793645447783,
      0.9998233297749248,
      0.9458941673226369
    ],
    "accuracy": [
      0.40886,
      0.4791,
      0.51542,
      0.53914,
      0.56656,
      0.58416,
      0.60538,
      0.62546,
      0.64316,
      0.6623
    ]
  },
  "test_history": {
    "loss": [
      1.5737659931182861,
      1.4735405445098877,
      1.4428592533062978,
      1.4351408739758145,
      1.4038660177000009,
      1.4121268266325544,
      1.4431956687550636,
      1.4418486015052552,
      1.4794355740972385,
      1.5198635147635344
    ],
    "accuracy": [
      0.442,
      0.4813,
      0.4963,
      0.501,
      0.5105,
      0.517,
      0.5136,
      0.5158,
      0.5244,
      0.5326
    ]
  },
  "performance": {
    "train_time": 222.1406536102295,
    "inference_time": 0.007610744731441425,
    "params": 1707274,
    "final_test_acc": 0.5326
  }
}