{
  "train_history": {
    "loss": [
      1.3695493842024937,
      0.9412996599741299,
      0.7698559304866035,
      0.6496511503596745,
      0.5546577823588915,
      0.47657889520268304,
      0.4049048902433547,
      0.3447673091155184,
      0.30420658739326556,
      0.2688091856849087
    ],
    "accuracy": [
      0.5054,
      0.66636,
      0.73086,
      0.7725,
      0.80668,
      0.83136,
      0.85596,
      0.87772,
      0.88976,
      0.90212
    ]
  },
  "test_history": {
    "loss": [
      1.078118818960372,
      0.8973393971752969,
      0.7923144694346531,
      0.730980344638703,
      0.7524775029367702,
      0.7405441619788006,
      0.7603498600470792,
      0.8029445197172226,
      0.8214783564115026,
      0.8735262668056852
    ],
    "accuracy": [
      0.6148,
      0.687,
      0.721,
      0.754,
      0.7522,
      0.7557,
      0.7611,
      0.765,
      0.7692,
      0.768
    ]
  },
  "performance": {
    "train_time": 362.0568425655365,
    "inference_time": 0.01985990014045861,
    "params": 620362,
    "final_test_acc": 0.768
  }
}