{
  "train_history": {
    "loss": [
      1.158686625149549,
      0.770739414350456,
      0.6471489542509283,
      0.558750903629281,
      0.49140997585433216,
      0.43651985194143433,
      0.39192505946854495,
      0.3496554718755395,
      0.30735878942682004,
      0.2749599035629226
    ],
    "accuracy": [
      0.58582,
      0.72926,
      0.77376,
      0.80724,
      0.82852,
      0.84904,
      0.86376,
      0.87782,
      0.89306,
      0.90452
    ]
  },
  "test_history": {
    "loss": [
      0.887995825072003,
      0.8907110687274082,
      0.7264688383242127,
      0.6008686840913857,
      0.6110314631917674,
      0.6537994670260484,
      0.5659119991739844,
      0.5675975317787972,
      0.585266643174135,
      0.6491808156678631
    ],
    "accuracy": [
      0.6943,
      0.6953,
      0.7508,
      0.7931,
      0.7889,
      0.7852,
      0.8092,
      0.8153,
      0.8075,
      0.7972
    ]
  },
  "performance": {
    "train_time": 1031.8025529384613,
    "inference_time": 0.03966670279290266,
    "params": 161482,
    "final_test_acc": 0.7972
  }
}