{
  "Shallow (2)": {
    "test_acc": 0.7088,
    "params": 403722,
    "grad_mean": 0.028003866485590834,
    "grad_std": 0.026191200893708556
  },
  "Medium (4)": {
    "test_acc": 0.8266,
    "params": 1880586,
    "grad_mean": 0.0010028729883104102,
    "grad_std": 0.001385706785868321
  },
  "Deep (6)": {
    "test_acc": 0.8238,
    "params": 6356490,
    "grad_mean": 0.004818394269955427,
    "grad_std": 0.008011031484511743
  },
  "ResNet (6)": {
    "test_acc": 0.8111,
    "params": 446474,
    "grad_mean": 0.02381388640872371,
    "grad_std": 0.023632157039300154
  }
}