Feature Type,MSE
Base,5.079209804534912
Polynomial,16.599082946777344
