{
  "train_history": {
    "loss": [
      0.2072102350395308,
      0.08639927931613466,
      0.05957259453568997,
      0.04602540265580119,
      0.0367732655132349,
      0.030923475444755967,
      0.02738197215001449,
      0.02423651481500911,
      0.022415308653935213,
      0.022083005171394235
    ],
    "accuracy": [
      0.9359166666666666,
      0.9726666666666667,
      0.9813166666666666,
      0.9852666666666666,
      0.9882,
      0.9897,
      0.9907666666666667,
      0.9926166666666667,
      0.9927,
      0.9926833333333334
    ]
  },
  "test_history": {
    "loss": [
      0.10385849715690988,
      0.08341490290762418,
      0.07269759100810314,
      0.08127844796677648,
      0.07879217849765566,
      0.09918663690370325,
      0.07795556602031924,
      0.0967118375142505,
      0.09249967206420706,
      0.09481072795072451
    ],
    "accuracy": [
      0.967,
      0.9749,
      0.9793,
      0.9751,
      0.9773,
      0.9755,
      0.9797,
      0.9766,
      0.9788,
      0.9798
    ]
  },
  "performance": {
    "train_time": 143.53986310958862,
    "inference_time": 0.005892038345336914,
    "params": 535818,
    "final_test_acc": 0.9798
  }
}