{
  "train_history": {
    "loss": [
      0.10670986011830856,
      0.03916378072104298,
      0.029429477159159015,
      0.0250077308042656,
      0.022413576123886617,
      0.01842373596560537,
      0.017658507376638696,
      0.015408280052247827,
      0.013599480914275548,
      0.010386777431370908
    ],
    "accuracy": [
      0.96935,
      0.98725,
      0.9912666666666666,
      0.9916,
      0.9923833333333333,
      0.99395,
      0.9942166666666666,
      0.995,
      0.9955666666666667,
      0.9968
    ]
  },
  "test_history": {
    "loss": [
      0.05665098799757398,
      0.028968647642081135,
      0.022413973725564182,
      0.023147569802018944,
      0.02055336998367189,
      0.020146906630798416,
      0.01821843086963202,
      0.017787329676834208,
      0.024514248924122073,
      0.02345357197336302
    ],
    "accuracy": [
      0.9813,
      0.991,
      0.9929,
      0.9926,
      0.9929,
      0.9936,
      0.9944,
      0.9948,
      0.9932,
      0.9928
    ]
  },
  "performance": {
    "train_time": 1086.2845525741577,
    "inference_time": 0.035448138121586696,
    "params": 160906,
    "final_test_acc": 0.9928
  }
}