{
  "train_history": {
    "loss": [
      0.16190014648954196,
      0.05397122346203842,
      0.03941923854932778,
      0.02999801871105299,
      0.024301905028651958,
      0.02065720026669901,
      0.01828418734286489,
      0.01612180512117461,
      0.013304601420705154,
      0.013333782844951559
    ],
    "accuracy": [
      0.9496833333333333,
      0.98345,
      0.9881833333333333,
      0.99045,
      0.9919,
      0.9933833333333333,
      0.9941,
      0.9947666666666667,
      0.9954833333333334,
      0.9959166666666667
    ]
  },
  "test_history": {
    "loss": [
      0.0471389299589669,
      0.040983908671385585,
      0.03005553648090079,
      0.027994985911646158,
      0.027561870069408616,
      0.025298556227052515,
      0.02285116951083136,
      0.029086770764570717,
      0.03430846908605098,
      0.025967467027216154
    ],
    "accuracy": [
      0.9843,
      0.9875,
      0.9898,
      0.9914,
      0.9916,
      0.9921,
      0.9924,
      0.9929,
      0.9899,
      0.9933
    ]
  },
  "performance": {
    "train_time": 401.2757487297058,
    "inference_time": 0.021113095010162158,
    "params": 421642,
    "final_test_acc": 0.9933
  }
}